{"cameraMode":{"drawMode":0,"name":"Shaded","section":"Shading Mode"},"sceneLighting":true,"audioPlay":false,"sceneViewState":{"m_AlwaysRefresh":false,"showFog":true,"showSkybox":true,"showFlares":true,"showImageEffects":true,"showParticleSystems":true,"showVisualEffectGraphs":true,"m_FxEnabled":true},"in2DMode":false,"pivot":{"x":9.521678924560547,"y":3.709369421005249,"z":0.00057220458984375},"rotation":{"x":0.005784604232758284,"y":0.9941049814224243,"z":-0.08370160311460495,"w":0.06870224326848984},"size":7.713804721832275,"orthographic":true}